nombre,nombre_cientifico,clase,continente,habitat,dieta,peso,tamano,estado_conservacion,image_url,url,image_file
Pandas Gigantes,Ailuropoda melanoleuca,Mamíferos,,Bosque templado,Herbívoro,150 - 120 kg,170 - 180 cm,Vulnerable,https://www.zoomadrid.com/content/dam/zoo/images/animals/panda-gigante/Oso-panda-gigante-Zoo-Madrid-2.jpg,https://www.zoomadrid.com/animales-y-continentes/animales/panda-gigante,001-Oso-panda-gigante-Zoo-Madrid-2.jpg
Elefante de Sumatra,Elephas maximus ssp. sumatranus,Mamíferos,Asia,Bosques de tierras bajas,Herbívoro,2700 - 5400 kg,2 - 3 m,En peligro crítico,https://www.zoomadrid.com/content/dam/zoo/images/animals/elefante-asiatico/Elefante-asiatico-Zoo-Madrid-2.jpg,https://www.zoomadrid.com/animales-y-continentes/animales/elefante-asiatico,002-Elefante-asiatico-Zoo-Madrid-2.jpg
Jirafa,Giraffa camelopardalis rothschildi,Mamíferos,África,Sabana,Herbívoro,830 - 1.400 Kg,6 m,Casi amenazada,https://www.zoomadrid.com/content/dam/zoo/images/animals/jirafa/Jirafa-Zoo-Madrid-2.jpg,https://www.zoomadrid.com/animales-y-continentes/animales/jirafa,003-Jirafa-Zoo-Madrid-2.jpg
Casuario,Casuarius casuarius,Mamíferos,Oceanía,Selva tropical y sabana,Frugívoro,70 kg,170 - 190 cm,Preocupación menor,https://www.zoomadrid.com/content/dam/zoo/images/animals/casuario/Casuario-Zoo-Madrid-2.jpg,https://www.zoomadrid.com/animales-y-continentes/animales/casuario,004-Casuario-Zoo-Madrid-2.jpg
Buitre leonado,Gyps Fulvus,Aves,Europa,"Sabana, pastizales y acantilados",Carnívoro,6 - 9 kg,"2,30 - 2,65 m",Preocupación menor,https://www.zoomadrid.com/content/dam/zoo/images/animals/buitre-leonado/Buitre-leonado-Zoo-Madrid-main.jpg,https://www.zoomadrid.com/animales-y-continentes/animales/buitre-leonado,005-Buitre-leonado-Zoo-Madrid-main.jpg
Ibis sagrado,Threskiornis aethiopicus,Aves,África,"Bosques, ríos, marismas, pantanos y lagunas",Carnívoro,"1,5 kg",65 - 80 cm,Preocupación menor,https://www.zoomadrid.com/content/dam/zoo/images/animals/ibis-sagrado/Ibis-sagrado-Zoo-Madrid-main.jpg,https://www.zoomadrid.com/animales-y-continentes/animales/ibis-sagrado,006-Ibis-sagrado-Zoo-Madrid-main.jpg
Oso malayo,Helarctos malayanus,Mamíferos,Asia,Bosque tropical,Omnívoro,30 - 90 kg,"1 - 1,5 m",Vulnerable,https://www.zoomadrid.com/content/dam/zoo/images/animals/oso-malayo/Oso-malayo-Zoo-Madrid-main.jpg,https://www.zoomadrid.com/animales-y-continentes/animales/oso-malayo,007-Oso-malayo-Zoo-Madrid-main.jpg
Gacela Dorcas Saharahui,Gazella dorcas neglecta,Mamíferos,África,Desierto,Herbívoro,20 kg,90 - 110 cm,Vulnerable,https://www.zoomadrid.com/content/dam/zoo/images/animals/gacela-dorcas/Gacela-dorcas-Zoo-Madrid-main.jpg,https://www.zoomadrid.com/animales-y-continentes/animales/gacela-dorcas,008-Gacela-dorcas-Zoo-Madrid-main.jpg
Lobo gris,Canis lupus occidentalis,Mamíferos,América del Norte,Tundra,Carnívoro,14 - 65 kg,1 a 2 m,Preocupación menor,https://www.zoomadrid.com/content/dam/zoo/images/animals/lobo-gris/Lobo-gris-Zoo-Madrid-2.jpg,https://www.zoomadrid.com/animales-y-continentes/animales/lobo-gris,009-Lobo-gris-Zoo-Madrid-2.jpg
Guacamayo rojo de alas verdes,Ara chloroptera,Aves,América del Sur,Bosque tropical,Frugívoro,"1 - 1,7 kg",85 - 95 cm,Preocupación menor,https://www.zoomadrid.com/content/dam/zoo/images/animals/guacamayo-rojo-de-alas-verdes/Guacamallo-rojo-alas-verdes-Zoo-Madrid-3.jpg,https://www.zoomadrid.com/animales-y-continentes/animales/guacamayo-rojo-de-alas-verdes,010-Guacamallo-rojo-alas-verdes-Zoo-Madrid-3.jpg
Orangután de Bormeo,Pongo pygmaeus,Mamíferos,Asia,Bosque tropical,Frugívoro,40 - 100 kg,110 - 150 cm,En peligro crítico,https://www.zoomadrid.com/content/dam/zoo/images/animals/orangutan/Orangutan-Zoo-Madrid-2.jpg,https://www.zoomadrid.com/animales-y-continentes/animales/orangutan,011-Orangutan-Zoo-Madrid-2.jpg
Oso pardo,Ursus arctos,Mamíferos,,"Estepas secas, matorrales árticos y bosques",Omnívoro,90 - 350 kg,"1,5 - 2 m",Preocupación menor,https://www.zoomadrid.com/content/dam/zoo/images/animals/oso-pardo/Oso-pardo-Zoo-Madrid-main.jpg,https://www.zoomadrid.com/animales-y-continentes/animales/oso-pardo,012-Oso-pardo-Zoo-Madrid-main.jpg
Foca gris,Halichoerus grypus,Mamíferos,,Océanos y mares,Piscívoro,150 - 400 kg,"1,8 - 3 m",Preocupación menor,https://www.zoomadrid.com/content/dam/zoo/images/animals/foca-gris/Foca-gris-Zoo-Madrid-main.jpg,https://www.zoomadrid.com/animales-y-continentes/animales/foca-gris,013-Foca-gris-Zoo-Madrid-main.jpg
Vicuña,Vicugna vicugna,Mamíferos,América del Sur,Mesetas esteparias entre 3500 y 5000 msnm,Herbívoro,35-45 kg,75-95 cm,Preocupación menor,https://www.zoomadrid.com/content/dam/zoo/images/animals/vicu%C3%B1as/zoo-madrid-vicuna%20(2).jpg,https://www.zoomadrid.com/animales-y-continentes/animales/vicuna,014-zoo-madrid-vicuna%20(2).jpg
Tapir amazónico,Tapirus terrestris,Mamíferos,América del Sur,"Bosque tropical, sabanas y humedales",Herbívoro,110 - 300 kg,"1,7 - 2,5 m",Vulnerable,https://www.zoomadrid.com/content/dam/zoo/images/animals/tapir-amazonico/Tapir-amazonico-Zoo-Madrid-main.jpg,https://www.zoomadrid.com/animales-y-continentes/animales/tapir-amazonico,015-Tapir-amazonico-Zoo-Madrid-main.jpg
Oso del tíbet,Ursus thibetanus,Mamíferos,Asia,"Bosques, praderas y humedales",Omnívoro,40 - 200 kg,"1,30 - 1,90 cm",Vulnerable,https://www.zoomadrid.com/content/dam/zoo/images/animals/oso-del-tibet/Oso-del-tibet-Zoo-Madrid-main.jpg,https://www.zoomadrid.com/animales-y-continentes/animales/oso-del-tibet,016-Oso-del-tibet-Zoo-Madrid-main.jpg
Gorila de costa,Gorilla gorilla gorilla,Mamíferos,África,Bosque tropical,Herbívoro,57 - 191 kg,"1,3 - 2 m",En peligro crítico,https://www.zoomadrid.com/content/dam/zoo/images/animals/gorila-de-costa/Gorila-de-costa-Zoo-Madrid-3.jpg,https://www.zoomadrid.com/animales-y-continentes/animales/gorila-de-costa,017-Gorila-de-costa-Zoo-Madrid-3.jpg
Loris Arcoiris,Trichoglossus moluccanus,Aves,Oceanía,Bosque tropical,Frugívoro,116 - 142 g,26 - 31 cm,Preocupación menor,https://www.zoomadrid.com/content/dam/zoo/images/animals/loris-arco-iris/Loris-arco-iris-Zoo-Madrid-main.jpg,https://www.zoomadrid.com/animales-y-continentes/animales/loris-arco-iris,018-Loris-arco-iris-Zoo-Madrid-main.jpg
Muntjac de Reeves,Muntiacus reevesi,Mamíferos,Asia,Se adapta a variedad de hábitats,Omnívoro,Alrededor de los 13 kg,Hasta 1 metro de largo y 50cm de altura en la cruz,Preocupación menor,https://www.zoomadrid.com/content/dam/zoo/images/animals/muntjac-de-reeves/muntjac_01.jpg,https://www.zoomadrid.com/animales-y-continentes/animales/muntjac-de-reeves,019-muntjac_01.jpg
Gamo,Dama dama,Mamíferos,Europa,"Praderas, bosque, cerca de caños y ríos",Herbívoro,40-60 kg,120-155 cm de longitud,Preocupación menor,https://www.zoomadrid.com/content/dam/zoo/images/animals/gamo/gamo_02.jpg,https://www.zoomadrid.com/animales-y-continentes/animales/gamo,020-gamo_02.jpg
Búho Real,Bubo bubo,Aves,Europa,"Bosques, semidesiertos, acantilados y tundras",Carnívoro,"1,5 - 2,5 kg",60 - 70 cm,Preocupación menor,https://www.zoomadrid.com/content/dam/zoo/images/animals/buho-real/Buho-Real-Zoo-Madrid-main.jpg,https://www.zoomadrid.com/animales-y-continentes/animales/buho-real,021-Buho-Real-Zoo-Madrid-main.jpg
Ñu de cola blanca,Connochaetes gnou,Mamíferos,África,Sabana,Herbívoro,130 - 205 kg,"1,7 - 2,2 m",Preocupación menor,https://www.zoomadrid.com/content/dam/zoo/images/animals/%C3%B1u-de-cola-blanca/%C3%91u-de-cola-blanca-Zoo-Madrid-main.jpg,https://www.zoomadrid.com/animales-y-continentes/animales/nu-de-cola-blanca,022-%C3%91u-de-cola-blanca-Zoo-Madrid-main.jpg
Ganso cenizo,Cereopsis novaehollandiae,Aves,Oceanía,"Ríos, marismas, pantanos y lagunas",Herbívoro,"3,8 - 5,3 kg",75 - 85 cm,Preocupación menor,https://www.zoomadrid.com/content/dam/zoo/images/animals/ganso-cenizo/Ganso-cenizo-Zoo-Madrid-main.jpg,https://www.zoomadrid.com/animales-y-continentes/animales/ganso-cenizo,023-Ganso-cenizo-Zoo-Madrid-main.jpg
Pingüino de Jackass,Spheniscus demersus,Aves,África,Océanos y mares,Piscívoro,2 - 5 kg,60-70 cm,En peligro,https://www.zoomadrid.com/content/dam/zoo/images/animals/ping%C3%BCino-de-jackass/Pinguino-de-jackass-Zoo-Madrid-main.jpg,https://www.zoomadrid.com/animales-y-continentes/animales/pingueino-de-jackass,024-Pinguino-de-jackass-Zoo-Madrid-main.jpg
Camello Bactriano,Camelus bactrianus,Mamíferos,Asia,Desiertos,Herbívoro,500 - 1.000 kg,"2,30 - 3 m",En peligro crítico,https://www.zoomadrid.com/content/dam/zoo/images/animals/camello-bactriano/Camello-Bactriano-Zoo-Madrid-main.jpg,https://www.zoomadrid.com/animales-y-continentes/animales/camello-bactriano,025-Camello-Bactriano-Zoo-Madrid-main.jpg
Lémur variegatus,Varecia variegata,Mamíferos,África,Bosque tropical,Frugívoros,"2,5 - 4,8 kg",hasta 120 cm,En peligro crítico,https://www.zoomadrid.com/content/dam/zoo/images/animals/lemur-variegatus/Lemur-variegatus-Zoo-Madrid-main.jpg,https://www.zoomadrid.com/animales-y-continentes/animales/lemur-variegatus,026-Lemur-variegatus-Zoo-Madrid-main.jpg
Wallaby de roca,Petrogale xanthopus,Mamíferos,Oceanía,Áreas rocosas,Herbívoro,7 - 13 kg,60 cm,Casi amenazada,https://www.zoomadrid.com/content/dam/zoo/images/animals/wallaby-de-roca/Wallaby-de-roca-Zoo-Madrid-main.jpg,https://www.zoomadrid.com/animales-y-continentes/animales/wallaby-de-roca,027-Wallaby-de-roca-Zoo-Madrid-main.jpg
Emú,Dromaius novaehollandiae,Aves,Oceanía,Sabanas y praderas,Omnívoros,30 - 60 kg,"1,50 - 1,90 m",Preocupación menor,https://www.zoomadrid.com/content/dam/zoo/images/animals/em%C3%BA/Emu-Zoo-Madrid-3.jpg,https://www.zoomadrid.com/animales-y-continentes/animales/emu,028-Emu-Zoo-Madrid-3.jpg
Arruí,Ammotragus lervia,Mamíferos,África,"Mesetas, sabana y desierto",Herbívoro,65 - 145 kg,110 cm,Vulnerable,https://www.zoomadrid.com/content/dam/zoo/images/animals/arrui/Arrui-Zoo-Madrid-3.jpg,https://www.zoomadrid.com/animales-y-continentes/animales/arrui,029-Arrui-Zoo-Madrid-3.jpg
Alimoche,Neophron percnopterus,Aves,,"Pastizales, dehesas y matorrales",Carnívoro,"1,6 - 2,4 kg",58 - 70 cm,En peligro,https://www.zoomadrid.com/content/dam/zoo/images/animals/alimoche/Alimoche-Zoo-Madrid.jpg,https://www.zoomadrid.com/animales-y-continentes/animales/alimoche,030-Alimoche-Zoo-Madrid.jpg
Suricata,Suricata suricatta,Mamíferos,África,"Sabana, matorral, pastizal y desierto",Insectívoro,620 - 720 g,25 - 35 cm,Preocupación menor,https://www.zoomadrid.com/content/dam/zoo/images/animals/suricata/Suricata-Zoo-Madrid-main.jpg,https://www.zoomadrid.com/animales-y-continentes/animales/suricata,031-Suricata-Zoo-Madrid-main.jpg
Calao Terrestre,Bucorvus leadbeateri,Aves,África,"Bosques, sabanas y praderas",Carnívoro,Hasta 6 kg,100 cm aprox,Vulnerable,https://www.zoomadrid.com/content/dam/zoo/images/animals/calao-terrestre/calao-terrestre_01.jpg,https://www.zoomadrid.com/animales-y-continentes/animales/calao-terrestre,032-calao-terrestre_01.jpg
Visón europeo,Mustela lutreola,Mamíferos,Europa,Ambientes acuáticos,Omnívoro,,,En peligro crítico,https://www.zoomadrid.com/content/dam/zoo/images/animals/vison-europeo/vison_europeo_02.jpg,https://www.zoomadrid.com/animales-y-continentes/animales/vison-europeo,033-vison_europeo_02.jpg
Takin de Mishmi,Budorcas taxicolor taxicolor,Mamíferos,Asia,Bosques subtropicales y templados,Herbívoro,250 – 350kg,"Hasta 2 metros de largo y entre 1-1,5m de altura en la cruz.",Vulnerable,https://www.zoomadrid.com/content/dam/zoo/images/animals/takin-de-misaim/takin_02.jpg,https://www.zoomadrid.com/animales-y-continentes/animales/takin-de-mishmi,034-takin_02.jpg
Ciervo del padre David,Elaphurus davidianus,Mamíferos,Asia,Praderas y humedales,Herbívoro,150 - 200 kg,"1,2 - 1,8 m",Extinta en estado silvestre,https://www.zoomadrid.com/content/dam/zoo/images/animals/ciervo-del-padre-david/Ciervo-padre-david-Zoo-Madrid-2.jpg,https://www.zoomadrid.com/animales-y-continentes/animales/ciervo-del-padre-david,035-Ciervo-padre-david-Zoo-Madrid-2.jpg
Lémur de Mayotte,Eulemur fulvus,Mamíferos,África,Bosques templados secos,Herbívoro,2 - 4 kg,40 cm aprox,Vulnerable,https://www.zoomadrid.com/content/dam/zoo/images/animals/lemur-de-mayotte/lemur_mayotte_01.jpg,https://www.zoomadrid.com/animales-y-continentes/animales/lemur-de-mayotte,036-lemur_mayotte_01.jpg
Liebre de la Patagonia o mara,Dolichotis patagonum,Mamíferos,América del Sur,Praderas y estepas,Herbívoro,8 - 15 kg,70 - 75 cm,Casi amenazada,https://www.zoomadrid.com/content/dam/zoo/images/animals/liebre-de-patagonia/Liebre-de-patagonia-Zoo-Madrid-3.jpg,https://www.zoomadrid.com/animales-y-continentes/animales/liebre-de-la-patagonia,037-Liebre-de-patagonia-Zoo-Madrid-3.jpg
Sitatunga,Tragelaphus spekii,Mamíferos,África,"Bosques, sabanas, praderas y humedales",Herbívoro,50 - 125 kg,115 - 175 cm,Preocupación menor,https://www.zoomadrid.com/content/dam/zoo/images/animals/sitatunga/Sitatunga-Zoo-Madrid-main.jpg,https://www.zoomadrid.com/animales-y-continentes/animales/sitatunga,038-Sitatunga-Zoo-Madrid-main.jpg
Mandril,Mandrillus sphinx,Mamíferos,África,Bosque tropical,Omnívoro,40 - 50 kg,1 m,Vulnerable,https://www.zoomadrid.com/content/dam/zoo/images/animals/mandril/Mandril-Zoo-Madrid-main.jpg,https://www.zoomadrid.com/animales-y-continentes/animales/mandril,039-Mandril-Zoo-Madrid-main.jpg
Hipopótamo,Hippopotamus amphibius,Mamíferos,África,"Ríos, marismas, pantanos y lagunas",Herbívoro,1.300 - 3.000 kg,2 - 5 m,Vulnerable,https://www.zoomadrid.com/content/dam/zoo/images/animals/hipopotamo/Hipopotamo-Zoo-Madrid-2.jpg,https://www.zoomadrid.com/animales-y-continentes/animales/hipopotamo,040-Hipopotamo-Zoo-Madrid-2.jpg
Pigargo europeo,Haliaeetus albicilla,Aves,,"Ríos, marismas, pantanos y lagunas",Piscívoro,3 - 6 kg,80 - 90 cm,Preocupación menor,https://www.zoomadrid.com/content/dam/zoo/images/animals/pigargo-europeo/1%20PIGARGO%20EUROPEO.jpg,https://www.zoomadrid.com/animales-y-continentes/animales/pigargo-europeo,041-1%20PIGARGO%20EUROPEO.jpg
Grulla coronada,Balearica regulorum,Aves,África,"Sabana, bosques, praderas y humedales",Omnívoro,3-4 kg,100-110 cm,En peligro,https://www.zoomadrid.com/content/dam/zoo/images/animals/grulla-coronada/Grulla-coronada-Zoo-Madrid.jpg,https://www.zoomadrid.com/animales-y-continentes/animales/grulla-coronada,042-Grulla-coronada-Zoo-Madrid.jpg
Gacela dama,Nanger dama,Mamíferos,África,Desierto,Herbívoro,35 - 75 kg,"hasta 1,7 m",En peligro crítico,https://www.zoomadrid.com/content/dam/zoo/images/animals/gacela-dama/Gacela-dama-Zoo-Madrid-main.jpg,https://www.zoomadrid.com/animales-y-continentes/animales/gacela-dama,043-Gacela-dama-Zoo-Madrid-main.jpg
Búfalo Rojo,Syncerus caffer nanus,Mamíferos,África,Bosque,Herbívoro,300 Kg,"1,2 m",Datos insuficientes,https://www.zoomadrid.com/content/dam/zoo/images/animals/bufalo-rojo/Bufalo-Rojo-Zoo-Madrid-2.jpg,https://www.zoomadrid.com/animales-y-continentes/animales/bufalo-rojo,044-Bufalo-Rojo-Zoo-Madrid-2.jpg
Tortuga careta,Caretta caretta,Reptiles,,Océanos y mares,Omnívoro,120 kg,120 cm,Vulnerable,https://www.zoomadrid.com/content/dam/zoo/images/animals/tortura-careta/Tortuga-careta-Zoo-Madrid-2.jpg,https://www.zoomadrid.com/animales-y-continentes/animales/tortuga-careta,045-Tortuga-careta-Zoo-Madrid-2.jpg
Chimpancé,Pan troglodytes,Mamíferos,África,Bosque tropical,Omnívoro,30 - 60 kg,Hasta 81 cm,En peligro,https://www.zoomadrid.com/content/dam/zoo/images/animals/chimpance/Chimpance-Zoo-Madrid-3.jpg,https://www.zoomadrid.com/animales-y-continentes/animales/chimpance,046-Chimpance-Zoo-Madrid-3.jpg
Lince ibérico,Lynx pardinus,Mamíferos,Europa,Bosque mediterráneo,Carnívoro,"6,1 - 16 kg","69 - 87,5 cm",En peligro,https://www.zoomadrid.com/content/dam/zoo/images/animals/lince-iberico/Lince-iberico-Zoo-Madrid-2.jpg,https://www.zoomadrid.com/animales-y-continentes/animales/lince-iberico,047-Lince-iberico-Zoo-Madrid-2.jpg
Rinoceronte indio,Rhinoceros unicornis,Mamíferos,Asia,"Pastizales, bosques y humedales",Herbívoro,1800 - 2700 kg,"3 - 3,8 m",Vulnerable,https://www.zoomadrid.com/content/dam/zoo/images/animals/rinocerante-indio/Rinoceronte-indio-Zoo-Madrid-2.jpg,https://www.zoomadrid.com/animales-y-continentes/animales/rinoceronte-indio,048-Rinoceronte-indio-Zoo-Madrid-2.jpg
Koala,Phascolarctos cinereus,Mamíferos,Oceanía,Bosques,Herbívoro,5 - 9 kg,64 - 85 cm,Vulnerable,https://www.zoomadrid.com/content/dam/zoo/images/animals/koala/Koala-Zoo-Madrid-3.jpg,https://www.zoomadrid.com/animales-y-continentes/animales/koala,049-Koala-Zoo-Madrid-3.jpg
Tortuga carey,Eretmochelys imbricata,Reptiles,,Océanos y mares,Omnívoro,100 - 150 kg,60 - 90 cm,En peligro crítico,https://www.zoomadrid.com/content/dam/zoo/images/animals/tortuga-carey/Tortuga-carey-Zoo-Madrid-main.jpg,https://www.zoomadrid.com/animales-y-continentes/animales/tortuga-carey,050-Tortuga-carey-Zoo-Madrid-main.jpg
Águila Imperial Ibérica,Aquila adalberti,Aves,Europa,"Bosques, marismas y llanuras",Carnívoro,"2,5 - 3,5 kg",68 - 83 cm,Vulnerable,https://www.zoomadrid.com/content/dam/zoo/images/animals/aguila-imperial-iberica/aguila-imperial-iberica-Zoo-Madrid-2.png,https://www.zoomadrid.com/animales-y-continentes/animales/aguila-imperial-iberica,051-aguila-imperial-iberica-Zoo-Madrid-2.png
Pelícano rosado,Pelecanus rufescens,Aves,África,"Ríos, marismas, pantanos y lagunas",Piscívoro,4 - 7 kg,125 - 132 cm,Preocupación menor,https://www.zoomadrid.com/content/dam/zoo/images/animals/pelicano-gris/pelicano-gris-Zoo-Madrid-main.jpg,https://www.zoomadrid.com/animales-y-continentes/animales/pelicano-gris,052-pelicano-gris-Zoo-Madrid-main.jpg
Binturong,Arctitis binturong,Mamíferos,Asia,Bosque tropical,Omnívoro,9 - 20 kg,140 - 160 cm,Vulnerable,https://www.zoomadrid.com/content/dam/zoo/images/animals/binturong/Binturong-Zoo-Madrid-main.jpg,https://www.zoomadrid.com/animales-y-continentes/animales/binturong,053-Binturong-Zoo-Madrid-main.jpg
Mapache,Procyon lotor,Mamíferos,América del Norte,Bosque,Omnívoro,4 - 12 kg,40 - 60 cm,Preocupación menor,https://www.zoomadrid.com/content/dam/zoo/images/animals/mapache/Mapache-Zoo-Madrid-main.jpg,https://www.zoomadrid.com/animales-y-continentes/animales/mapache,054-Mapache-Zoo-Madrid-main.jpg
Avestruz,Struthio camelus,Aves,África,Sabana,Omnívoro,90 - 130 kg,"1,7 - 2,7 m",Preocupación menor,https://www.zoomadrid.com/content/dam/zoo/images/animals/avestruz/Avestruz-Zoo-Madrid-main.jpg,https://www.zoomadrid.com/animales-y-continentes/animales/avestruz,055-Avestruz-Zoo-Madrid-main.jpg
Flamenco caribeño,Phoenicopterus ruber,Aves,América Central y el Caribe,"Ríos, marismas, pantanos y lagunas",Piscívoro,3 kg,"1,35 - 1,55 m",Preocupación menor,https://www.zoomadrid.com/content/dam/zoo/images/animals/flamenco-caribe%C3%B1o/Flamenco-caribe%C3%B1o-Zoo-Madrid-2.jpg,https://www.zoomadrid.com/animales-y-continentes/animales/flamenco-caribeno,056-Flamenco-caribe%C3%B1o-Zoo-Madrid-2.jpg
León marino de la Patagonia,Otaria flavescens,Mamíferos,América del Sur,Océanos y mares,Piscívoro,140 a 350 kg,"1,5 - 2,6 m",Preocupación menor,https://www.zoomadrid.com/content/dam/zoo/images/animals/leon-marino-de-la-patagonia/Leon-marino-Zoo-Madrid-main.jpg,https://www.zoomadrid.com/animales-y-continentes/animales/leon-marino-de-la-patagonia,057-Leon-marino-Zoo-Madrid-main.jpg
Cigüeña blanca,Ciconia ciconia,Aves,África,"Ríos, marismas, pantanos y lagunas",Carnívora,"2,3 - 4,5 kg","1 - 2,20 m",Preocupación menor,https://www.zoomadrid.com/content/dam/zoo/images/animals/cig%C3%BCe%C3%B1a-blanca/Ciguena-blanca-Zoo-Madrid-main.jpg,https://www.zoomadrid.com/animales-y-continentes/animales/cigueena-blanca,058-Ciguena-blanca-Zoo-Madrid-main.jpg
Mero gigante,Epinephelus lanceolatus,Peces,Asia,Océanos y mares,Piscívoro,200 -400 kg,"2,7 m",Datos insuficientes,https://www.zoomadrid.com/content/dam/zoo/images/animals/mero-gigante/Mero-gigante-Zoo-Madrid-main.jpg,https://www.zoomadrid.com/animales-y-continentes/animales/mero-gigante,059-Mero-gigante-Zoo-Madrid-main.jpg
Pigargo vocinglero,Haliaeetus vocifer,Aves,África,"Bosques, humedales y costas",Piscívoro,"1,9 - 3,6 kg",74 - 84 cm,Preocupación menor,https://www.zoomadrid.com/content/dam/zoo/images/animals/pigargo-vocinglero/Pigargo-vocinglero-Zoo-Madrid-2.jpg,https://www.zoomadrid.com/animales-y-continentes/animales/pigargo-vocinglero,060-Pigargo-vocinglero-Zoo-Madrid-2.jpg
Tortuga verde,Chelonia mydas,Reptiles,,Océanos y mares,Herbívoro,80 - 100 kg,90 - 160 cm,En peligro,https://www.zoomadrid.com/content/dam/zoo/images/animals/tortuga-verde/Tortuga-verde-Zoo-Madrid-main.jpg,https://www.zoomadrid.com/animales-y-continentes/animales/tortuga-verde,061-Tortuga-verde-Zoo-Madrid-main.jpg
Guacamayo azul de pecho amaril,Ara ararauna,Aves,América del Sur,Bosque tropical,Frugívoro,"1,1 kg",97 cm,Preocupación menor,https://www.zoomadrid.com/content/dam/zoo/images/animals/guacamayo-azul-de-pecho-amarillo/Guacamano-azul-de-pecho-amarilo-Zoo-Madrid-2.jpg,https://www.zoomadrid.com/animales-y-continentes/animales/guacamayo-azul-de-pecho-amarillo,062-Guacamano-azul-de-pecho-amarilo-Zoo-Madrid-2.jpg
Lémur de cola anillada,Lemur catta,Mamíferos,África,"Bosque caducifolio, litorales y matorrales",Frugívoro,"2,5 - 3,5 kg",39 - 60 cm,En peligro,https://www.zoomadrid.com/content/dam/zoo/images/animals/lemur-de-cola-anillada/Lemur-de-cola-anillada-Zoo-Madrid-main.jpg,https://www.zoomadrid.com/animales-y-continentes/animales/lemur-de-cola-anillada,063-Lemur-de-cola-anillada-Zoo-Madrid-main.jpg
Cebra de Burchell,Equus quagga burchellii,Mamíferos,África,Sabana,Herbívoro,160 - 385 kg,217 - 240 cm,Casi amenazada,https://www.zoomadrid.com/content/dam/zoo/images/animals/cebra-damara/Cebra-damara-Zoo-Madrid-main.jpg,https://www.zoomadrid.com/animales-y-continentes/animales/cebra-damara,064-Cebra-damara-Zoo-Madrid-main.jpg
Reno,Rangifer tarandus,Mamíferos,,"Bosque templado, taiga y tundra",Herbívoro,65 - 210 kg,"1,2 - 2,1 m",Vulnerable,https://www.zoomadrid.com/content/dam/zoo/images/animals/reno/Reno-Zoo-Madrid-2.jpg,https://www.zoomadrid.com/animales-y-continentes/animales/reno,065-Reno-Zoo-Madrid-2.jpg
Gibón de manos blancas,Hylobates lar,Mamíferos,Asia,Bosque,Herbívoro,5 - 8 kg,50 cm,En peligro,https://www.zoomadrid.com/content/dam/zoo/images/animals/gib%C3%B3n-de-manos-blancas/Gibon-de-manos-blancas-Zoo-Madrid-main.jpg,https://www.zoomadrid.com/animales-y-continentes/animales/gibon-de-manos-blancas,066-Gibon-de-manos-blancas-Zoo-Madrid-main.jpg
Papión,Papio cynocephalus,Mamíferos,África,Sabana y bosques,Omnívoro,11 - 25 kg,50 - 120 cm,Preocupación menor,https://www.zoomadrid.com/content/dam/zoo/images/animals/papion/Papion-Zoo-Madrid-2.jpg,https://www.zoomadrid.com/animales-y-continentes/animales/papion,067-Papion-Zoo-Madrid-2.jpg
León asiático,Panthera leo persica,Mamíferos,Asia,Bosque,Carnívoro,120 - 190 kg,"1,10 - 1,40 m",En peligro,https://www.zoomadrid.com/content/dam/zoo/images/animals/leon-asiatico/Leon-asiatico-Zoo-Madrid-main.jpg,https://www.zoomadrid.com/animales-y-continentes/animales/leon-asiatico,068-Leon-asiatico-Zoo-Madrid-main.jpg
Oso hormiguero gigante,Myrmecophaga tridactyla,Mamíferos,América Central y el Caribe,"Bosques tropicales, sabanas y pastizales",Insectívoro,20 - 40 kg,2 m,Vulnerable,https://www.zoomadrid.com/content/dam/zoo/images/animals/oso-hormiguero/Oso-hormiguero-Zoo-Madrid-main.jpg,https://www.zoomadrid.com/animales-y-continentes/animales/oso-hormiguero,069-Oso-hormiguero-Zoo-Madrid-main.jpg
Rinoceronte blanco,Ceratotherium simum,Mamíferos,África,Sabana y praderas,Herbívoro,2500 - 3500 kg,"1,6 - 2 m",Casi amenazada,https://www.zoomadrid.com/content/dam/zoo/images/animals/rinocerante-blanco/Rinoceronte-blanco-Zoo-Madrid-main.jpg,https://www.zoomadrid.com/animales-y-continentes/animales/rinoceronte-blanco,070-Rinoceronte-blanco-Zoo-Madrid-main.jpg
Tigre siberiano,Panthera tigris altaica,Mamíferos,Asia,"Bosques caducifolios, coníferos y matorrales",Carnívoro,90 - 300 kg,"1,5 - 2,9 m",En peligro,https://www.zoomadrid.com/content/dam/zoo/images/animals/tigre-siberiano/tigre-siberiano_1.jpg,https://www.zoomadrid.com/animales-y-continentes/animales/tigre-siberiano,071-tigre-siberiano_1.jpg
Mono capuchino,Sapajus apella,Mamíferos,América del Sur,Bosque tropical,Omnívoro,"1,40 - 4,8 kg",32 - 55 cm,Preocupación menor,https://www.zoomadrid.com/content/dam/zoo/images/animals/mono-capuchino/Mono-capuchino-Zoo-Madrid-main.jpg,https://www.zoomadrid.com/animales-y-continentes/animales/mono-capuchino,072-Mono-capuchino-Zoo-Madrid-main.jpg
Bisonte europeo,Bison bonasus,Mamíferos,Europa,Bosques caducifolios y mixtos,Herbívoro,Entre los 400-1000kg,"Entre 2,50 y 3,50 m. de largo y entre 1,50-2,00 m. de altura en la cruz",Vulnerable,https://www.zoomadrid.com/content/dam/zoo/images/animals/bisonte-europeo/bisonte_europeo_02.jpg,https://www.zoomadrid.com/animales-y-continentes/animales/bisonte-europeo,073-bisonte_europeo_02.jpg
Tortuga de espolones,Geochelone sulcata,Reptiles,África,Matorrales y pastizales,Herbívoro,50-100 kg,60-85 cm de longitud,En peligro crítico,https://www.zoomadrid.com/content/dam/zoo/images/animals/tortuga-de-espolones/tortuga_espolones_01.jpg,https://www.zoomadrid.com/animales-y-continentes/animales/tortuga-de-espolones,074-tortuga_espolones_01.jpg
Ñandú,Rhea americana,Aves,América del Sur,Sabanas y praderas,Omnívoro,15 - 36 kg,"1,30 - 1,70 m",Casi amenazada,https://www.zoomadrid.com/content/dam/zoo/images/animals/%C3%B1andu/Nandu-Zoo-Madrid-main.jpg,https://www.zoomadrid.com/animales-y-continentes/animales/nandu,075-Nandu-Zoo-Madrid-main.jpg
Panda rojo,Ailurus fulgens,Mamíferos,Asia,Bosque templado y taiga,Herbívoro,"3 - 6,2 kg",45 - 60 cm,En peligro,https://www.zoomadrid.com/content/dam/zoo/images/animals/panda-rojo/Panda-rojo-Zoo-Madrid-2.jpg,https://www.zoomadrid.com/animales-y-continentes/animales/panda-rojo,076-Panda-rojo-Zoo-Madrid-2.jpg
Tiburón gris,Carcharhinus plumbeus,Peces,,Océanos y mares,Carnívoro,118 kg,"2,5 m",En peligro,https://www.zoomadrid.com/content/dam/zoo/images/animals/tiburon-gris/Tiburon-gris-Zoo-Madrid-2.jpg,https://www.zoomadrid.com/animales-y-continentes/animales/tiburon-gris,077-Tiburon-gris-Zoo-Madrid-2.jpg
Nutrias gigantes del Amazonas,Pteronura brasiliensis,Mamíferos,América del Sur,"Ríos, marismas, pantanos y lagunas",Carnívoro,24 - 34 kg,145 - 180 cm,En peligro,https://www.zoomadrid.com/content/dam/zoo/images/animals/nutrias-gigantes-del-amazonas/Nutrias-gigantes-Amazonas-Zoo-Madrid-main.jpg,https://www.zoomadrid.com/animales-y-continentes/animales/nutrias-gigantes-del-amazonas,078-Nutrias-gigantes-Amazonas-Zoo-Madrid-main.jpg
Tortuga de Seychelles,Geochelone gigantea,Reptiles,Asia,Manglares y zonas de densa vegetación,Herbívoro,150 - 250 kg,Hasta 120 cm de longitud,Vulnerable,https://www.zoomadrid.com/content/dam/zoo/images/animals/tortuga-seychelles/tortuga_seychelles_01.jpg,https://www.zoomadrid.com/animales-y-continentes/animales/tortuga-de-seychelles-o-de-aldabra,079-tortuga_seychelles_01.jpg
Ciervo europeo,Cervus elaphus,Mamíferos,Europa,Se adapta a variedad de ambientes,Herbívoro,Hasta 200kg,Entre 160 y 250cm de longitud,Preocupación menor,https://www.zoomadrid.com/content/dam/zoo/images/animals/ciervo-europeo/zoo-madrid-ciervo-europeo%20(1).jpg,https://www.zoomadrid.com/animales-y-continentes/animales/ciervo-europeo,080-zoo-madrid-ciervo-europeo%20(1).jpg
